NAME,COLORWAY,ONEY_SALE,RETAIL_PRICE,RESELL_PRICE,RELEASE_DATE,RESELL_DATE,SIZE
adidas Yeezy Boost 350 V2 Citrin (Non-Reflective),CITRIN/CITRIN/CITRIN,8395,$220,$208,09/23/2019,"Monday, October 14, 2019",9
adidas Yeezy Boost 350 V2 Citrin (Non-Reflective),CITRIN/CITRIN/CITRIN,8395,$220,$220,09/23/2019,"Monday, October 14, 2019",10
adidas Yeezy Boost 350 V2 Citrin (Non-Reflective),CITRIN/CITRIN/CITRIN,8395,$220,$235,09/23/2019,"Monday, October 14, 2019",9.5
adidas Yeezy Boost 350 V2 Citrin (Non-Reflective),CITRIN/CITRIN/CITRIN,8395,$220,$222,09/23/2019,"Monday, October 14, 2019",11
adidas Yeezy Boost 350 V2 Citrin (Non-Reflective),CITRIN/CITRIN/CITRIN,8395,$220,$233,09/23/2019,"Monday, October 14, 2019",7.5
adidas Yeezy Boost 350 V2 Citrin (Non-Reflective),CITRIN/CITRIN/CITRIN,8395,$220,$239,09/23/2019,"Monday, October 14, 2019",8.5
adidas Yeezy Boost 350 V2 Citrin (Non-Reflective),CITRIN/CITRIN/CITRIN,8395,$220,$220,09/23/2019,"Monday, October 14, 2019",11
adidas Yeezy Boost 350 V2 Citrin (Non-Reflective),CITRIN/CITRIN/CITRIN,8395,$220,$234,09/23/2019,"Monday, October 14, 2019",9.5
adidas Yeezy Boost 350 V2 Citrin (Non-Reflective),CITRIN/CITRIN/CITRIN,8395,$220,$225,09/23/2019,"Monday, October 14, 2019",9.5
adidas Yeezy Boost 350 V2 Citrin (Non-Reflective),CITRIN/CITRIN/CITRIN,8395,$220,$215,09/23/2019,"Monday, October 14, 2019",9
adidas Yeezy Boost 350 V2 Lundmark (Non Reflective),LUNDMARK/LUNDMARK/LUNDMARK,40311,$220,$264,07/13/2019,"Monday, October 14, 2019",10
adidas Yeezy Boost 350 V2 Lundmark (Non Reflective),LUNDMARK/LUNDMARK/LUNDMARK,40311,$220,$265,07/13/2019,"Monday, October 14, 2019",11
adidas Yeezy Boost 350 V2 Lundmark (Non Reflective),LUNDMARK/LUNDMARK/LUNDMARK,40311,$220,$250,07/13/2019,"Monday, October 14, 2019",11
adidas Yeezy Boost 350 V2 Lundmark (Non Reflective),LUNDMARK/LUNDMARK/LUNDMARK,40311,$220,$225,07/13/2019,"Monday, October 14, 2019",12
adidas Yeezy Boost 350 V2 Lundmark (Non Reflective),LUNDMARK/LUNDMARK/LUNDMARK,40311,$220,$208,07/13/2019,"Monday, October 14, 2019",14
adidas Yeezy Boost 350 V2 Lundmark (Non Reflective),LUNDMARK/LUNDMARK/LUNDMARK,40311,$220,$255,07/13/2019,"Monday, October 14, 2019",10
adidas Yeezy Boost 350 V2 Lundmark (Non Reflective),LUNDMARK/LUNDMARK/LUNDMARK,40311,$220,$305,07/13/2019,"Monday, October 14, 2019",6.5
adidas Yeezy Boost 350 V2 Lundmark (Non Reflective),LUNDMARK/LUNDMARK/LUNDMARK,40311,$220,$300,07/13/2019,"Monday, October 14, 2019",6
adidas Yeezy Boost 350 V2 Lundmark (Non Reflective),LUNDMARK/LUNDMARK/LUNDMARK,40311,$220,$279,07/13/2019,"Monday, October 14, 2019",8.5
adidas Yeezy Boost 350 V2 Lundmark (Non Reflective),LUNDMARK/LUNDMARK/LUNDMARK,40311,$220,$263,07/13/2019,"Monday, October 14, 2019",10
adidas Yeezy Boost 350 V2 Sesame,SESAME/SESAME/SESAME,36261,$220,$307,11/23/2018,"Monday, October 14, 2019",10.5
adidas Yeezy Boost 350 V2 Sesame,SESAME/SESAME/SESAME,36261,$220,$270,11/23/2018,"Monday, October 14, 2019",10
adidas Yeezy Boost 350 V2 Sesame,SESAME/SESAME/SESAME,36261,$220,$271,11/23/2018,"Monday, October 14, 2019",10.5
adidas Yeezy Boost 350 V2 Sesame,SESAME/SESAME/SESAME,36261,$220,$264,11/23/2018,"Monday, October 14, 2019",8.5
adidas Yeezy Boost 350 V2 Sesame,SESAME/SESAME/SESAME,36261,$220,$285,11/23/2018,"Monday, October 14, 2019",13
adidas Yeezy Boost 350 V2 Sesame,SESAME/SESAME/SESAME,36261,$220,$280,11/23/2018,"Monday, October 14, 2019",13
adidas Yeezy Boost 350 V2 Sesame,SESAME/SESAME/SESAME,36261,$220,$275,11/23/2018,"Monday, October 14, 2019",9.5
adidas Yeezy Boost 350 V2 Sesame,SESAME/SESAME/SESAME,36261,$220,$319,11/23/2018,"Monday, October 14, 2019",11
adidas Yeezy Boost 350 V2 Sesame,SESAME/SESAME/SESAME,36261,$220,$318,11/23/2018,"Monday, October 14, 2019",11
adidas Yeezy Boost 350 V2 Sesame,SESAME/SESAME/SESAME,36261,$220,$279,11/23/2018,"Monday, October 14, 2019",8
adidas Yeezy Boost 350 V2 Clay,CLAY/CLAY/CLAY,49753,$220,$450,03/30/2019,"Monday, October 14, 2019",6.5
adidas Yeezy Boost 350 V2 Clay,CLAY/CLAY/CLAY,49753,$220,$211,03/30/2019,"Monday, October 14, 2019",14
adidas Yeezy Boost 350 V2 Clay,CLAY/CLAY/CLAY,49753,$220,$289,03/30/2019,"Monday, October 14, 2019",12
adidas Yeezy Boost 350 V2 Clay,CLAY/CLAY/CLAY,49753,$220,$305,03/30/2019,"Monday, October 14, 2019",4.5
adidas Yeezy Boost 350 V2 Clay,CLAY/CLAY/CLAY,49753,$220,$320,03/30/2019,"Monday, October 14, 2019",10.5
adidas Yeezy Boost 350 V2 Clay,CLAY/CLAY/CLAY,49753,$220,$190,03/30/2019,"Monday, October 14, 2019",14
adidas Yeezy Boost 350 V2 Clay,CLAY/CLAY/CLAY,49753,$220,$316,03/30/2019,"Monday, October 14, 2019",10
adidas Yeezy Boost 350 V2 Clay,CLAY/CLAY/CLAY,49753,$220,$310,03/30/2019,"Monday, October 14, 2019",10.5
adidas Yeezy Boost 350 V2 Clay,CLAY/CLAY/CLAY,49753,$220,$295,03/30/2019,"Monday, October 14, 2019",11
adidas Yeezy Boost 350 V2 Clay,CLAY/CLAY/CLAY,49753,$220,$321,03/30/2019,"Monday, October 14, 2019",9.5
adidas Yeezy Boost 350 V2 Static (Non-Reflective),STATIC/STATIC/STATIC,35423,$220,$364,12/27/2018,"Monday, October 14, 2019",11
adidas Yeezy Boost 350 V2 Static (Non-Reflective),STATIC/STATIC/STATIC,35423,$220,$320,12/27/2018,"Monday, October 14, 2019",13
adidas Yeezy Boost 350 V2 Static (Non-Reflective),STATIC/STATIC/STATIC,35423,$220,$381,12/27/2018,"Monday, October 14, 2019",5
adidas Yeezy Boost 350 V2 Static (Non-Reflective),STATIC/STATIC/STATIC,35423,$220,$351,12/27/2018,"Monday, October 14, 2019",10.5
adidas Yeezy Boost 350 V2 Static (Non-Reflective),STATIC/STATIC/STATIC,35423,$220,$500,12/27/2018,"Monday, October 14, 2019",5.5
adidas Yeezy Boost 350 V2 Static (Non-Reflective),STATIC/STATIC/STATIC,35423,$220,$353,12/27/2018,"Monday, October 14, 2019",9
adidas Yeezy Boost 350 V2 Static (Non-Reflective),STATIC/STATIC/STATIC,35423,$220,$320,12/27/2018,"Monday, October 14, 2019",12
adidas Yeezy Boost 350 V2 Static (Non-Reflective),STATIC/STATIC/STATIC,35423,$220,$316,12/27/2018,"Monday, October 14, 2019",9
adidas Yeezy Boost 350 V2 Static (Non-Reflective),STATIC/STATIC/STATIC,35423,$220,$330,12/27/2018,"Monday, October 14, 2019",9
adidas Yeezy Boost 350 V2 Static (Non-Reflective),STATIC/STATIC/STATIC,35423,$220,$325,12/27/2018,"Monday, October 14, 2019",9
adidas Yeezy Boost 350 V2 Butter,BUTTER/BUTTER/BUTTER,17676,$220,$235,06/30/2018,"Monday, October 14, 2019",9.5
adidas Yeezy Boost 350 V2 Butter,BUTTER/BUTTER/BUTTER,17676,$220,$270,06/30/2018,"Monday, October 14, 2019",12
adidas Yeezy Boost 350 V2 Butter,BUTTER/BUTTER/BUTTER,17676,$220,$254,06/30/2018,"Monday, October 14, 2019",9.5
adidas Yeezy Boost 350 V2 Butter,BUTTER/BUTTER/BUTTER,17676,$220,$260,06/30/2018,"Monday, October 14, 2019",10
adidas Yeezy Boost 350 V2 Butter,BUTTER/BUTTER/BUTTER,17676,$220,$235,06/30/2018,"Monday, October 14, 2019",8.5
adidas Yeezy Boost 350 V2 Butter,BUTTER/BUTTER/BUTTER,17676,$220,$246,06/30/2018,"Monday, October 14, 2019",8
adidas Yeezy Boost 350 V2 Butter,BUTTER/BUTTER/BUTTER,17676,$220,$225,06/30/2018,"Monday, October 14, 2019",9
adidas Yeezy Boost 350 V2 Butter,BUTTER/BUTTER/BUTTER,17676,$220,$269,06/30/2018,"Monday, October 14, 2019",12
adidas Yeezy Boost 350 V2 Butter,BUTTER/BUTTER/BUTTER,17676,$220,$235,06/30/2018,"Monday, October 14, 2019",8.5
adidas Yeezy Boost 350 V2 Butter,BUTTER/BUTTER/BUTTER,17676,$220,$230,06/30/2018,"Monday, October 14, 2019",9
adidas Yeezy Boost 350 V2 Glow,GLOW/GLOW/GLOW,10439,$250,$502,05/25/2019,"Monday, October 14, 2019",6
adidas Yeezy Boost 350 V2 Glow,GLOW/GLOW/GLOW,10439,$250,$550,05/25/2019,"Monday, October 14, 2019",9.5
adidas Yeezy Boost 350 V2 Glow,GLOW/GLOW/GLOW,10439,$250,$570,05/25/2019,"Monday, October 14, 2019",12.5
adidas Yeezy Boost 350 V2 Glow,GLOW/GLOW/GLOW,10439,$250,$395,05/25/2019,"Monday, October 14, 2019",14
adidas Yeezy Boost 350 V2 Glow,GLOW/GLOW/GLOW,10439,$250,$568,05/25/2019,"Monday, October 14, 2019",7.5
adidas Yeezy Boost 350 V2 Glow,GLOW/GLOW/GLOW,10439,$250,$500,05/25/2019,"Monday, October 14, 2019",8.5
adidas Yeezy Boost 350 V2 Glow,GLOW/GLOW/GLOW,10439,$250,$492,05/25/2019,"Monday, October 14, 2019",8
adidas Yeezy Boost 350 V2 Glow,GLOW/GLOW/GLOW,10439,$250,$500,05/25/2019,"Monday, October 14, 2019",9
adidas Yeezy Boost 350 V2 Glow,GLOW/GLOW/GLOW,10439,$250,$585,05/25/2019,"Monday, October 14, 2019",6
adidas Yeezy Boost 350 V2 Glow,GLOW/GLOW/GLOW,10439,$250,$552,05/25/2019,"Monday, October 14, 2019",11
adidas Yeezy Boost 350 V2 Synth (Non-Reflective),SYNTH/SYNTH/SYNTH,2660,$220,$203,06/22/2019,"Monday, October 14, 2019",14
adidas Yeezy Boost 350 V2 Synth (Non-Reflective),SYNTH/SYNTH/SYNTH,2660,$220,$238,06/22/2019,"Monday, October 14, 2019",13
adidas Yeezy Boost 350 V2 Synth (Non-Reflective),SYNTH/SYNTH/SYNTH,2660,$220,$376,06/22/2019,"Monday, October 14, 2019",11
adidas Yeezy Boost 350 V2 Synth (Non-Reflective),SYNTH/SYNTH/SYNTH,2660,$220,$201,06/22/2019,"Monday, October 14, 2019",14
adidas Yeezy Boost 350 V2 Synth (Non-Reflective),SYNTH/SYNTH/SYNTH,2660,$220,$225,06/22/2019,"Monday, October 14, 2019",13
adidas Yeezy Boost 350 V2 Synth (Non-Reflective),SYNTH/SYNTH/SYNTH,2660,$220,$367,06/22/2019,"Monday, October 14, 2019",9.5
adidas Yeezy Boost 350 V2 Synth (Non-Reflective),SYNTH/SYNTH/SYNTH,2660,$220,$560,06/22/2019,"Monday, October 14, 2019",5.5
adidas Yeezy Boost 350 V2 Synth (Non-Reflective),SYNTH/SYNTH/SYNTH,2660,$220,$350,06/22/2019,"Monday, October 14, 2019",11
adidas Yeezy Boost 350 V2 Synth (Non-Reflective),SYNTH/SYNTH/SYNTH,2660,$220,$388,06/22/2019,"Sunday, October 13, 2019",8
adidas Yeezy Boost 350 V2 Synth (Non-Reflective),SYNTH/SYNTH/SYNTH,2660,$220,$198,06/22/2019,"Sunday, October 13, 2019",14
adidas Yeezy Boost 350 V2 Trfrm,GREY/GREY/GREY,14863,$220,$410,03/16/2019,"Monday, October 14, 2019",11.5
adidas Yeezy Boost 350 V2 Trfrm,GREY/GREY/GREY,14863,$220,$450,03/16/2019,"Monday, October 14, 2019",14.5
adidas Yeezy Boost 350 V2 Trfrm,GREY/GREY/GREY,14863,$220,$391,03/16/2019,"Monday, October 14, 2019",10
adidas Yeezy Boost 350 V2 Trfrm,GREY/GREY/GREY,14863,$220,$406,03/16/2019,"Monday, October 14, 2019",10.5
adidas Yeezy Boost 350 V2 Trfrm,GREY/GREY/GREY,14863,$220,$402,03/16/2019,"Monday, October 14, 2019",8
adidas Yeezy Boost 350 V2 Trfrm,GREY/GREY/GREY,14863,$220,$540,03/16/2019,"Monday, October 14, 2019",6
adidas Yeezy Boost 350 V2 Trfrm,GREY/GREY/GREY,14863,$220,$537,03/16/2019,"Monday, October 14, 2019",6
adidas Yeezy Boost 350 V2 Trfrm,GREY/GREY/GREY,14863,$220,$407,03/16/2019,"Sunday, October 13, 2019",10.5
adidas Yeezy Boost 350 V2 Trfrm,GREY/GREY/GREY,14863,$220,$409,03/16/2019,"Sunday, October 13, 2019",11.5
adidas Yeezy Boost 350 V2 Trfrm,GREY/GREY/GREY,14863,$220,$420,03/16/2019,"Sunday, October 13, 2019",9
adidas Yeezy Boost 350 V2 Antlia (Non-Reflective),ANTLIA/ANTLIA/ANTLIA,12248,$220,$245,06/22/2019,"Monday, October 14, 2019",11.5
adidas Yeezy Boost 350 V2 Antlia (Non-Reflective),ANTLIA/ANTLIA/ANTLIA,12248,$220,$286,06/22/2019,"Monday, October 14, 2019",7.5
adidas Yeezy Boost 350 V2 Antlia (Non-Reflective),ANTLIA/ANTLIA/ANTLIA,12248,$220,$268,06/22/2019,"Sunday, October 13, 2019",9.5
adidas Yeezy Boost 350 V2 Antlia (Non-Reflective),ANTLIA/ANTLIA/ANTLIA,12248,$220,$276,06/22/2019,"Sunday, October 13, 2019",9
adidas Yeezy Boost 350 V2 Antlia (Non-Reflective),ANTLIA/ANTLIA/ANTLIA,12248,$220,$298,06/22/2019,"Sunday, October 13, 2019",6.5
adidas Yeezy Boost 350 V2 Antlia (Non-Reflective),ANTLIA/ANTLIA/ANTLIA,12248,$220,$268,06/22/2019,"Sunday, October 13, 2019",10.5
adidas Yeezy Boost 350 V2 Antlia (Non-Reflective),ANTLIA/ANTLIA/ANTLIA,12248,$220,$292,06/22/2019,"Sunday, October 13, 2019",6
adidas Yeezy Boost 350 V2 Antlia (Non-Reflective),ANTLIA/ANTLIA/ANTLIA,12248,$220,$242,06/22/2019,"Sunday, October 13, 2019",8
adidas Yeezy Boost 350 V2 Antlia (Non-Reflective),ANTLIA/ANTLIA/ANTLIA,12248,$220,$245,06/22/2019,"Sunday, October 13, 2019",11.5
adidas Yeezy Boost 350 V2 Antlia (Non-Reflective),ANTLIA/ANTLIA/ANTLIA,12248,$220,$272,06/22/2019,"Sunday, October 13, 2019",4.5
adidas Yeezy Boost 350 V2 Static Black (Reflective),BLACK/BLACK/BLACK,2061,$220,"$1,608",06/06/2019,"Monday, October 14, 2019",8.5
adidas Yeezy Boost 350 V2 Static Black (Reflective),BLACK/BLACK/BLACK,2061,$220,"$1,501",06/06/2019,"Monday, October 14, 2019",6
adidas Yeezy Boost 350 V2 Static Black (Reflective),BLACK/BLACK/BLACK,2061,$220,"$1,505",06/06/2019,"Monday, October 14, 2019",11.5
adidas Yeezy Boost 350 V2 Static Black (Reflective),BLACK/BLACK/BLACK,2061,$220,"$1,760",06/06/2019,"Monday, October 14, 2019",5.5
adidas Yeezy Boost 350 V2 Static Black (Reflective),BLACK/BLACK/BLACK,2061,$220,"$1,751",06/06/2019,"Monday, October 14, 2019",4
adidas Yeezy Boost 350 V2 Static Black (Reflective),BLACK/BLACK/BLACK,2061,$220,"$1,950",06/06/2019,"Monday, October 14, 2019",9
adidas Yeezy Boost 350 V2 Static Black (Reflective),BLACK/BLACK/BLACK,2061,$220,"$1,433",06/06/2019,"Monday, October 14, 2019",11
adidas Yeezy Boost 350 V2 Static Black (Reflective),BLACK/BLACK/BLACK,2061,$220,"$1,920",06/06/2019,"Monday, October 14, 2019",10
adidas Yeezy Boost 350 V2 Static Black (Reflective),BLACK/BLACK/BLACK,2061,$220,"$1,880",06/06/2019,"Monday, October 14, 2019",9.5
adidas Yeezy Boost 350 V2 Static Black (Reflective),BLACK/BLACK/BLACK,2061,$220,"$1,830",06/06/2019,"Monday, October 14, 2019",8
adidas Yeezy Boost 350 V2 Static Reflective,STATIC/STATIC/STATIC,20844,$220,"$1,030",12/26/2018,"Monday, October 14, 2019",8
adidas Yeezy Boost 350 V2 Static Reflective,STATIC/STATIC/STATIC,20844,$220,$888,12/26/2018,"Monday, October 14, 2019",6.5
adidas Yeezy Boost 350 V2 Static Reflective,STATIC/STATIC/STATIC,20844,$220,$389,12/26/2018,"Monday, October 14, 2019",14
adidas Yeezy Boost 350 V2 Static Reflective,STATIC/STATIC/STATIC,20844,$220,$800,12/26/2018,"Monday, October 14, 2019",8.5
adidas Yeezy Boost 350 V2 Static Reflective,STATIC/STATIC/STATIC,20844,$220,$909,12/26/2018,"Monday, October 14, 2019",8.5
adidas Yeezy Boost 350 V2 Static Reflective,STATIC/STATIC/STATIC,20844,$220,$940,12/26/2018,"Sunday, October 13, 2019",6
adidas Yeezy Boost 350 V2 Static Reflective,STATIC/STATIC/STATIC,20844,$220,$821,12/26/2018,"Sunday, October 13, 2019",5.5
adidas Yeezy Boost 350 V2 Static Reflective,STATIC/STATIC/STATIC,20844,$220,$730,12/26/2018,"Sunday, October 13, 2019",9.5
adidas Yeezy Boost 350 V2 Static Reflective,STATIC/STATIC/STATIC,20844,$220,$760,12/26/2018,"Sunday, October 13, 2019",9
adidas Yeezy Boost 350 V2 Static Reflective,STATIC/STATIC/STATIC,20844,$220,$900,12/26/2018,"Saturday, October 12, 2019",5
adidas Yeezy Boost 350 V2 Hyperspace,GREY/GREY/GREY,3573,$220,$420,03/16/2019,"Monday, October 14, 2019",9.5
adidas Yeezy Boost 350 V2 Hyperspace,GREY/GREY/GREY,3573,$220,$420,03/16/2019,"Monday, October 14, 2019",10.5
adidas Yeezy Boost 350 V2 Hyperspace,GREY/GREY/GREY,3573,$220,$418,03/16/2019,"Sunday, October 13, 2019",10.5
adidas Yeezy Boost 350 V2 Hyperspace,GREY/GREY/GREY,3573,$220,$410,03/16/2019,"Saturday, October 12, 2019",10.5
adidas Yeezy Boost 350 V2 Hyperspace,GREY/GREY/GREY,3573,$220,$406,03/16/2019,"Saturday, October 12, 2019",8.5
adidas Yeezy Boost 350 V2 Hyperspace,GREY/GREY/GREY,3573,$220,$412,03/16/2019,"Friday, October 11, 2019",9
adidas Yeezy Boost 350 V2 Hyperspace,GREY/GREY/GREY,3573,$220,$440,03/16/2019,"Friday, October 11, 2019",6
adidas Yeezy Boost 350 V2 Hyperspace,GREY/GREY/GREY,3573,$220,$409,03/16/2019,"Friday, October 11, 2019",8.5
adidas Yeezy Boost 350 V2 Hyperspace,GREY/GREY/GREY,3573,$220,$420,03/16/2019,"Thursday, October 10, 2019",10.5
adidas Yeezy Boost 350 V2 Hyperspace,GREY/GREY/GREY,3573,$220,$376,03/16/2019,"Thursday, October 10, 2019",7.5
adidas Yeezy Boost 350 V2 Black (Non-Reflective),BLACK/BLACK/BLACK,42631,$220,$404,06/07/2019,"Monday, October 14, 2019",5
adidas Yeezy Boost 350 V2 Black (Non-Reflective),BLACK/BLACK/BLACK,42631,$220,$440,06/07/2019,"Monday, October 14, 2019",12
adidas Yeezy Boost 350 V2 Black (Non-Reflective),BLACK/BLACK/BLACK,42631,$220,$474,06/07/2019,"Monday, October 14, 2019",10
adidas Yeezy Boost 350 V2 Black (Non-Reflective),BLACK/BLACK/BLACK,42631,$220,$465,06/07/2019,"Monday, October 14, 2019",9.5
adidas Yeezy Boost 350 V2 Black (Non-Reflective),BLACK/BLACK/BLACK,42631,$220,$439,06/07/2019,"Monday, October 14, 2019",12
adidas Yeezy Boost 350 V2 Black (Non-Reflective),BLACK/BLACK/BLACK,42631,$220,$418,06/07/2019,"Monday, October 14, 2019",12
adidas Yeezy Boost 350 V2 Black (Non-Reflective),BLACK/BLACK/BLACK,42631,$220,$414,06/07/2019,"Monday, October 14, 2019",5.5
adidas Yeezy Boost 350 V2 Black (Non-Reflective),BLACK/BLACK/BLACK,42631,$220,$422,06/07/2019,"Monday, October 14, 2019",9
adidas Yeezy Boost 350 V2 Black (Non-Reflective),BLACK/BLACK/BLACK,42631,$220,$438,06/07/2019,"Monday, October 14, 2019",12
adidas Yeezy Boost 350 V2 Black (Non-Reflective),BLACK/BLACK/BLACK,42631,$220,$436,06/07/2019,"Monday, October 14, 2019",8.5
adidas Yeezy Boost 350 V2 Lundmark (Reflective),LUNDMARK/LUNDMARK/LUNDMARK,893,$250,$720,07/11/2019,"Monday, October 14, 2019",6.5
adidas Yeezy Boost 350 V2 Lundmark (Reflective),LUNDMARK/LUNDMARK/LUNDMARK,893,$250,$721,07/11/2019,"Monday, October 14, 2019",6.5
adidas Yeezy Boost 350 V2 Lundmark (Reflective),LUNDMARK/LUNDMARK/LUNDMARK,893,$250,$780,07/11/2019,"Sunday, October 13, 2019",9.5
adidas Yeezy Boost 350 V2 Lundmark (Reflective),LUNDMARK/LUNDMARK/LUNDMARK,893,$250,$710,07/11/2019,"Saturday, October 12, 2019",7
adidas Yeezy Boost 350 V2 Lundmark (Reflective),LUNDMARK/LUNDMARK/LUNDMARK,893,$250,$800,07/11/2019,"Saturday, October 12, 2019",9
adidas Yeezy Boost 350 V2 Lundmark (Reflective),LUNDMARK/LUNDMARK/LUNDMARK,893,$250,$799,07/11/2019,"Saturday, October 12, 2019",9
adidas Yeezy Boost 350 V2 Lundmark (Reflective),LUNDMARK/LUNDMARK/LUNDMARK,893,$250,$800,07/11/2019,"Saturday, October 12, 2019",9.5
adidas Yeezy Boost 350 V2 Lundmark (Reflective),LUNDMARK/LUNDMARK/LUNDMARK,893,$250,$700,07/11/2019,"Saturday, October 12, 2019",7
adidas Yeezy Boost 350 V2 Lundmark (Reflective),LUNDMARK/LUNDMARK/LUNDMARK,893,$250,$560,07/11/2019,"Saturday, October 12, 2019",12
adidas Yeezy Boost 350 V2 Lundmark (Reflective),LUNDMARK/LUNDMARK/LUNDMARK,893,$250,$584,07/11/2019,"Friday, October 11, 2019",12
adidas Yeezy Boost 350 V2 Antlia (Reflective),ANTLIA/ANTLIA/ANTLIA,1032,$220,$657,06/21/2019,"Monday, October 14, 2019",9
adidas Yeezy Boost 350 V2 Antlia (Reflective),ANTLIA/ANTLIA/ANTLIA,1032,$220,$781,06/21/2019,"Monday, October 14, 2019",9
adidas Yeezy Boost 350 V2 Antlia (Reflective),ANTLIA/ANTLIA/ANTLIA,1032,$220,$656,06/21/2019,"Monday, October 14, 2019",9
adidas Yeezy Boost 350 V2 Antlia (Reflective),ANTLIA/ANTLIA/ANTLIA,1032,$220,$781,06/21/2019,"Sunday, October 13, 2019",9.5
adidas Yeezy Boost 350 V2 Antlia (Reflective),ANTLIA/ANTLIA/ANTLIA,1032,$220,$735,06/21/2019,"Sunday, October 13, 2019",9.5
adidas Yeezy Boost 350 V2 Antlia (Reflective),ANTLIA/ANTLIA/ANTLIA,1032,$220,$741,06/21/2019,"Saturday, October 12, 2019",8.5
adidas Yeezy Boost 350 V2 Antlia (Reflective),ANTLIA/ANTLIA/ANTLIA,1032,$220,$671,06/21/2019,"Saturday, October 12, 2019",8
adidas Yeezy Boost 350 V2 Antlia (Reflective),ANTLIA/ANTLIA/ANTLIA,1032,$220,$710,06/21/2019,"Thursday, October 10, 2019",4.5
adidas Yeezy Boost 350 V2 Antlia (Reflective),ANTLIA/ANTLIA/ANTLIA,1032,$220,$678,06/21/2019,"Thursday, October 10, 2019",10
adidas Yeezy Boost 350 V2 Antlia (Reflective),ANTLIA/ANTLIA/ANTLIA,1032,$220,$610,06/21/2019,"Wednesday, October 9, 2019",11
adidas Yeezy Boost 350 V2 Synth (Reflective),SYNTH/SYNTH/SYNTH,184,$220,"$1,054",06/21/2019,"Saturday, October 12, 2019",6.5
adidas Yeezy Boost 350 V2 Synth (Reflective),SYNTH/SYNTH/SYNTH,184,$220,$820,06/21/2019,"Thursday, October 10, 2019",8.5
adidas Yeezy Boost 350 V2 Synth (Reflective),SYNTH/SYNTH/SYNTH,184,$220,"$1,274",06/21/2019,"Wednesday, October 9, 2019",10
adidas Yeezy Boost 350 V2 Synth (Reflective),SYNTH/SYNTH/SYNTH,184,$220,$770,06/21/2019,"Monday, October 7, 2019",10.5
adidas Yeezy Boost 350 V2 Synth (Reflective),SYNTH/SYNTH/SYNTH,184,$220,"$1,351",06/21/2019,"Monday, October 7, 2019",5
adidas Yeezy Boost 350 V2 Synth (Reflective),SYNTH/SYNTH/SYNTH,184,$220,$980,06/21/2019,"Saturday, October 5, 2019",10.5
adidas Yeezy Boost 350 V2 Synth (Reflective),SYNTH/SYNTH/SYNTH,184,$220,$983,06/21/2019,"Saturday, October 5, 2019",8.5
adidas Yeezy Boost 350 V2 Synth (Reflective),SYNTH/SYNTH/SYNTH,184,$220,$999,06/21/2019,"Tuesday, October 1, 2019",7
adidas Yeezy Boost 350 V2 Synth (Reflective),SYNTH/SYNTH/SYNTH,184,$220,$980,06/21/2019,"Tuesday, October 1, 2019",10.5
adidas Yeezy Boost 350 V2 Synth (Reflective),SYNTH/SYNTH/SYNTH,184,$220,"$1,251",06/21/2019,"Tuesday, October 1, 2019",4.5
adidas Yeezy 500 Bone White,BONE WHITE/BONE WHITE/BONE WHITE,13589,$200,$320,08/24/2019,"Monday, October 14, 2019",6.5
adidas Yeezy 500 Bone White,BONE WHITE/BONE WHITE/BONE WHITE,13589,$200,$232,08/24/2019,"Monday, October 14, 2019",9.5
adidas Yeezy 500 Bone White,BONE WHITE/BONE WHITE/BONE WHITE,13589,$200,$199,08/24/2019,"Monday, October 14, 2019",12
adidas Yeezy 500 Bone White,BONE WHITE/BONE WHITE/BONE WHITE,13589,$200,$400,08/24/2019,"Monday, October 14, 2019",5
adidas Yeezy 500 Bone White,BONE WHITE/BONE WHITE/BONE WHITE,13589,$200,$380,08/24/2019,"Monday, October 14, 2019",4.5
adidas Yeezy 500 Bone White,BONE WHITE/BONE WHITE/BONE WHITE,13589,$200,$385,08/24/2019,"Monday, October 14, 2019",5.5
adidas Yeezy 500 Bone White,BONE WHITE/BONE WHITE/BONE WHITE,13589,$200,$189,08/24/2019,"Monday, October 14, 2019",11.5
adidas Yeezy 500 Bone White,BONE WHITE/BONE WHITE/BONE WHITE,13589,$200,$363,08/24/2019,"Monday, October 14, 2019",4.5
adidas Yeezy 500 Bone White,BONE WHITE/BONE WHITE/BONE WHITE,13589,$200,$379,08/24/2019,"Monday, October 14, 2019",4.5
adidas Yeezy 500 Bone White,BONE WHITE/BONE WHITE/BONE WHITE,13589,$200,$195,08/24/2019,"Monday, October 14, 2019",11
adidas Yeezy 500 Salt,SALT/SALT/SALT,19757,$200,$227,11/30/2018,"Monday, October 14, 2019",10
adidas Yeezy 500 Salt,SALT/SALT/SALT,19757,$200,$319,11/30/2018,"Monday, October 14, 2019",7
adidas Yeezy 500 Salt,SALT/SALT/SALT,19757,$200,$236,11/30/2018,"Monday, October 14, 2019",11.5
adidas Yeezy 500 Salt,SALT/SALT/SALT,19757,$200,$255,11/30/2018,"Monday, October 14, 2019",9.5
adidas Yeezy 500 Salt,SALT/SALT/SALT,19757,$200,$259,11/30/2018,"Monday, October 14, 2019",12.5
adidas Yeezy 500 Salt,SALT/SALT/SALT,19757,$200,$285,11/30/2018,"Monday, October 14, 2019",8
adidas Yeezy 500 Salt,SALT/SALT/SALT,19757,$200,$244,11/30/2018,"Monday, October 14, 2019",10.5
adidas Yeezy 500 Salt,SALT/SALT/SALT,19757,$200,$400,11/30/2018,"Monday, October 14, 2019",6.5
adidas Yeezy 500 Salt,SALT/SALT/SALT,19757,$200,$280,11/30/2018,"Monday, October 14, 2019",8
adidas Yeezy 500 Salt,SALT/SALT/SALT,19757,$200,$308,11/30/2018,"Monday, October 14, 2019",7.5
adidas Yeezy 500 Utility Black,UTILITY BLACK/UTILITY BLACK/UTILITY BLACK,11487,$200,$364,07/07/2018,"Monday, October 14, 2019",9
adidas Yeezy 500 Utility Black,UTILITY BLACK/UTILITY BLACK/UTILITY BLACK,11487,$200,$415,07/07/2018,"Monday, October 14, 2019",7.5
adidas Yeezy 500 Utility Black,UTILITY BLACK/UTILITY BLACK/UTILITY BLACK,11487,$200,$364,07/07/2018,"Monday, October 14, 2019",7
adidas Yeezy 500 Utility Black,UTILITY BLACK/UTILITY BLACK/UTILITY BLACK,11487,$200,$359,07/07/2018,"Monday, October 14, 2019",7.5
adidas Yeezy 500 Utility Black,UTILITY BLACK/UTILITY BLACK/UTILITY BLACK,11487,$200,$364,07/07/2018,"Monday, October 14, 2019",7
adidas Yeezy 500 Utility Black,UTILITY BLACK/UTILITY BLACK/UTILITY BLACK,11487,$200,$474,07/07/2018,"Monday, October 14, 2019",6
adidas Yeezy 500 Utility Black,UTILITY BLACK/UTILITY BLACK/UTILITY BLACK,11487,$200,$348,07/07/2018,"Monday, October 14, 2019",7
adidas Yeezy 500 Utility Black,UTILITY BLACK/UTILITY BLACK/UTILITY BLACK,11487,$200,$349,07/07/2018,"Monday, October 14, 2019",7
adidas Yeezy 500 Utility Black,UTILITY BLACK/UTILITY BLACK/UTILITY BLACK,11487,$200,$363,07/07/2018,"Monday, October 14, 2019",7
adidas Yeezy 500 Utility Black,UTILITY BLACK/UTILITY BLACK/UTILITY BLACK,11487,$200,$370,07/07/2018,"Monday, October 14, 2019",8
adidas Yeezy 500 Blush,BLUSH/BLUSH/BLUSH,5883,$200,$382,02/16/2018,"Monday, October 14, 2019",8.5
adidas Yeezy 500 Blush,BLUSH/BLUSH/BLUSH,5883,$200,$374,02/16/2018,"Monday, October 14, 2019",9
adidas Yeezy 500 Blush,BLUSH/BLUSH/BLUSH,5883,$200,$348,02/16/2018,"Monday, October 14, 2019",9.5
adidas Yeezy 500 Blush,BLUSH/BLUSH/BLUSH,5883,$200,$350,02/16/2018,"Saturday, October 12, 2019",10
adidas Yeezy 500 Blush,BLUSH/BLUSH/BLUSH,5883,$200,$275,02/16/2018,"Saturday, October 12, 2019",13
adidas Yeezy 500 Blush,BLUSH/BLUSH/BLUSH,5883,$200,$403,02/16/2018,"Saturday, October 12, 2019",8.5
adidas Yeezy 500 Blush,BLUSH/BLUSH/BLUSH,5883,$200,$294,02/16/2018,"Saturday, October 12, 2019",11.5
adidas Yeezy 500 Blush,BLUSH/BLUSH/BLUSH,5883,$200,$275,02/16/2018,"Friday, October 11, 2019",13
adidas Yeezy 500 Blush,BLUSH/BLUSH/BLUSH,5883,$200,$351,02/16/2018,"Friday, October 11, 2019",9
adidas Yeezy 500 Blush,BLUSH/BLUSH/BLUSH,5883,$200,$392,02/16/2018,"Friday, October 11, 2019",8.5
adidas Yeezy 500 Super Moon Yellow,SUPER MOON YELLOW/SUPER MOON YELLOW/SUPER MOON YELLOW,4889,$200,$221,06/09/2018,"Monday, October 14, 2019",11
adidas Yeezy 500 Super Moon Yellow,SUPER MOON YELLOW/SUPER MOON YELLOW/SUPER MOON YELLOW,4889,$200,$295,06/09/2018,"Monday, October 14, 2019",8
adidas Yeezy 500 Super Moon Yellow,SUPER MOON YELLOW/SUPER MOON YELLOW/SUPER MOON YELLOW,4889,$200,$210,06/09/2018,"Monday, October 14, 2019",7
adidas Yeezy 500 Super Moon Yellow,SUPER MOON YELLOW/SUPER MOON YELLOW/SUPER MOON YELLOW,4889,$200,$270,06/09/2018,"Monday, October 14, 2019",9.5
adidas Yeezy 500 Super Moon Yellow,SUPER MOON YELLOW/SUPER MOON YELLOW/SUPER MOON YELLOW,4889,$200,$254,06/09/2018,"Sunday, October 13, 2019",9
adidas Yeezy 500 Super Moon Yellow,SUPER MOON YELLOW/SUPER MOON YELLOW/SUPER MOON YELLOW,4889,$200,$436,06/09/2018,"Sunday, October 13, 2019",5.5
adidas Yeezy 500 Super Moon Yellow,SUPER MOON YELLOW/SUPER MOON YELLOW/SUPER MOON YELLOW,4889,$200,$272,06/09/2018,"Saturday, October 12, 2019",9.5
adidas Yeezy 500 Super Moon Yellow,SUPER MOON YELLOW/SUPER MOON YELLOW/SUPER MOON YELLOW,4889,$200,$256,06/09/2018,"Saturday, October 12, 2019",9.5
adidas Yeezy 500 Super Moon Yellow,SUPER MOON YELLOW/SUPER MOON YELLOW/SUPER MOON YELLOW,4889,$200,$265,06/09/2018,"Friday, October 11, 2019",12
adidas Yeezy 500 Super Moon Yellow,SUPER MOON YELLOW/SUPER MOON YELLOW/SUPER MOON YELLOW,4889,$200,$260,06/09/2018,"Thursday, October 10, 2019",10
adidas Yeezy 500 Shadow Black (Friends & Family),SHADOW BLACK/SHADOW BLACK/SHADOW BLACK,7,$200,$260,07/07/2018,"Saturday, October 12, 2019",7.5
adidas Yeezy 500 Shadow Black (Friends & Family),SHADOW BLACK/SHADOW BLACK/SHADOW BLACK,7,$200,$200,07/07/2018,"Friday, August 2, 2019",12
adidas Yeezy 500 Shadow Black (Friends & Family),SHADOW BLACK/SHADOW BLACK/SHADOW BLACK,7,$200,$401,07/07/2018,"Tuesday, July 16, 2019",7
adidas Yeezy 500 Shadow Black (Friends & Family),SHADOW BLACK/SHADOW BLACK/SHADOW BLACK,7,$200,$300,07/07/2018,"Saturday, July 6, 2019",7
adidas Yeezy 500 Shadow Black (Friends & Family),SHADOW BLACK/SHADOW BLACK/SHADOW BLACK,7,$200,$450,07/07/2018,"Monday, December 17, 2018",10
adidas Yeezy 500 Shadow Black (Friends & Family),SHADOW BLACK/SHADOW BLACK/SHADOW BLACK,7,$200,$401,07/07/2018,"Wednesday, December 12, 2018",10
adidas Yeezy 500 Shadow Black (Friends & Family),SHADOW BLACK/SHADOW BLACK/SHADOW BLACK,7,$200,$350,07/07/2018,"Friday, November 16, 2018",10
adidas Yeezy 500 Shadow Black (Friends & Family),SHADOW BLACK/SHADOW BLACK/SHADOW BLACK,7,$200,$397,07/07/2018,"Wednesday, September 12, 2018",9
adidas Yeezy 500 Shadow Black (Friends & Family),SHADOW BLACK/SHADOW BLACK/SHADOW BLACK,7,$200,$350,07/07/2018,"Thursday, August 9, 2018",12
adidas Yeezy 500 Shadow Black (Friends & Family),SHADOW BLACK/SHADOW BLACK/SHADOW BLACK,7,$200,$305,07/07/2018,"Tuesday, July 24, 2018",9
adidas Yeezy Boost 700 Magnet,MAGNET/MAGNET/MAGNET,3645,$300,$318,09/09/2019,"Monday, October 14, 2019",7
adidas Yeezy Boost 700 Magnet,MAGNET/MAGNET/MAGNET,3645,$300,$324,09/09/2019,"Monday, October 14, 2019",9
adidas Yeezy Boost 700 Magnet,MAGNET/MAGNET/MAGNET,3645,$300,$329,09/09/2019,"Monday, October 14, 2019",8.5
adidas Yeezy Boost 700 Magnet,MAGNET/MAGNET/MAGNET,3645,$300,$327,09/09/2019,"Monday, October 14, 2019",13
adidas Yeezy Boost 700 Magnet,MAGNET/MAGNET/MAGNET,3645,$300,$319,09/09/2019,"Monday, October 14, 2019",4.5
adidas Yeezy Boost 700 Magnet,MAGNET/MAGNET/MAGNET,3645,$300,$332,09/09/2019,"Monday, October 14, 2019",6.5
adidas Yeezy Boost 700 Magnet,MAGNET/MAGNET/MAGNET,3645,$300,$330,09/09/2019,"Monday, October 14, 2019",6.5
adidas Yeezy Boost 700 Magnet,MAGNET/MAGNET/MAGNET,3645,$300,$326,09/09/2019,"Monday, October 14, 2019",10.5
adidas Yeezy Boost 700 Magnet,MAGNET/MAGNET/MAGNET,3645,$300,$325,09/09/2019,"Monday, October 14, 2019",9.5
adidas Yeezy Boost 700 Magnet,MAGNET/MAGNET/MAGNET,3645,$300,$324,09/09/2019,"Monday, October 14, 2019",9.5
adidas Yeezy Boost 700 V2 Geode,GEODE/GEODE/GEODE,10340,$300,$297,03/23/2019,"Monday, October 14, 2019",8.5
adidas Yeezy Boost 700 V2 Geode,GEODE/GEODE/GEODE,10340,$300,$271,03/23/2019,"Monday, October 14, 2019",9.5
adidas Yeezy Boost 700 V2 Geode,GEODE/GEODE/GEODE,10340,$300,$337,03/23/2019,"Monday, October 14, 2019",7.5
adidas Yeezy Boost 700 V2 Geode,GEODE/GEODE/GEODE,10340,$300,$257,03/23/2019,"Monday, October 14, 2019",10.5
adidas Yeezy Boost 700 V2 Geode,GEODE/GEODE/GEODE,10340,$300,$294,03/23/2019,"Monday, October 14, 2019",8.5
adidas Yeezy Boost 700 V2 Geode,GEODE/GEODE/GEODE,10340,$300,$300,03/23/2019,"Monday, October 14, 2019",4.5
adidas Yeezy Boost 700 V2 Geode,GEODE/GEODE/GEODE,10340,$300,$240,03/23/2019,"Monday, October 14, 2019",12
adidas Yeezy Boost 700 V2 Geode,GEODE/GEODE/GEODE,10340,$300,$284,03/23/2019,"Monday, October 14, 2019",4
adidas Yeezy Boost 700 V2 Geode,GEODE/GEODE/GEODE,10340,$300,$269,03/23/2019,"Monday, October 14, 2019",10
adidas Yeezy Boost 700 V2 Geode,GEODE/GEODE/GEODE,10340,$300,$260,03/23/2019,"Monday, October 14, 2019",14
adidas Yeezy Boost 700 Inertia,GREY/GREY/INERTIA,19621,$300,$348,03/09/2019,"Monday, October 14, 2019",7.5
adidas Yeezy Boost 700 Inertia,GREY/GREY/INERTIA,19621,$300,$314,03/09/2019,"Monday, October 14, 2019",13
adidas Yeezy Boost 700 Inertia,GREY/GREY/INERTIA,19621,$300,$300,03/09/2019,"Monday, October 14, 2019",11.5
adidas Yeezy Boost 700 Inertia,GREY/GREY/INERTIA,19621,$300,$290,03/09/2019,"Monday, October 14, 2019",10
adidas Yeezy Boost 700 Inertia,GREY/GREY/INERTIA,19621,$300,$280,03/09/2019,"Monday, October 14, 2019",10.5
adidas Yeezy Boost 700 Inertia,GREY/GREY/INERTIA,19621,$300,$296,03/09/2019,"Monday, October 14, 2019",9
adidas Yeezy Boost 700 Inertia,GREY/GREY/INERTIA,19621,$300,$345,03/09/2019,"Monday, October 14, 2019",7.5
adidas Yeezy Boost 700 Inertia,GREY/GREY/INERTIA,19621,$300,$280,03/09/2019,"Monday, October 14, 2019",12
adidas Yeezy Boost 700 Inertia,GREY/GREY/INERTIA,19621,$300,$299,03/09/2019,"Monday, October 14, 2019",14
adidas Yeezy Boost 700 Inertia,GREY/GREY/INERTIA,19621,$300,$297,03/09/2019,"Monday, October 14, 2019",9
adidas Yeezy Boost 700 V2 Vanta,VANTA/VANTA/VANTA,9281,$300,$467,06/06/2019,"Monday, October 14, 2019",7.5
adidas Yeezy Boost 700 V2 Vanta,VANTA/VANTA/VANTA,9281,$300,$458,06/06/2019,"Monday, October 14, 2019",11.5
adidas Yeezy Boost 700 V2 Vanta,VANTA/VANTA/VANTA,9281,$300,$363,06/06/2019,"Monday, October 14, 2019",11
adidas Yeezy Boost 700 V2 Vanta,VANTA/VANTA/VANTA,9281,$300,$365,06/06/2019,"Monday, October 14, 2019",12
adidas Yeezy Boost 700 V2 Vanta,VANTA/VANTA/VANTA,9281,$300,$466,06/06/2019,"Monday, October 14, 2019",7.5
adidas Yeezy Boost 700 V2 Vanta,VANTA/VANTA/VANTA,9281,$300,$360,06/06/2019,"Monday, October 14, 2019",12
adidas Yeezy Boost 700 V2 Vanta,VANTA/VANTA/VANTA,9281,$300,$390,06/06/2019,"Monday, October 14, 2019",9.5
adidas Yeezy Boost 700 V2 Vanta,VANTA/VANTA/VANTA,9281,$300,$350,06/06/2019,"Monday, October 14, 2019",12
adidas Yeezy Boost 700 V2 Vanta,VANTA/VANTA/VANTA,9281,$300,$390,06/06/2019,"Monday, October 14, 2019",10.5
adidas Yeezy Boost 700 V2 Vanta,VANTA/VANTA/VANTA,9281,$300,$372,06/06/2019,"Monday, October 14, 2019",9.5
adidas Yeezy Boost 700 Utility Black,UTILITY BLACK/UTILITY BLACK/UTILITY BLACK,3782,$300,$349,06/29/2019,"Monday, October 14, 2019",5.5
adidas Yeezy Boost 700 Utility Black,UTILITY BLACK/UTILITY BLACK/UTILITY BLACK,3782,$300,$339,06/29/2019,"Monday, October 14, 2019",7
adidas Yeezy Boost 700 Utility Black,UTILITY BLACK/UTILITY BLACK/UTILITY BLACK,3782,$300,$305,06/29/2019,"Monday, October 14, 2019",10
adidas Yeezy Boost 700 Utility Black,UTILITY BLACK/UTILITY BLACK/UTILITY BLACK,3782,$300,$286,06/29/2019,"Monday, October 14, 2019",10
adidas Yeezy Boost 700 Utility Black,UTILITY BLACK/UTILITY BLACK/UTILITY BLACK,3782,$300,$294,06/29/2019,"Monday, October 14, 2019",11
adidas Yeezy Boost 700 Utility Black,UTILITY BLACK/UTILITY BLACK/UTILITY BLACK,3782,$300,$343,06/29/2019,"Monday, October 14, 2019",5
adidas Yeezy Boost 700 Utility Black,UTILITY BLACK/UTILITY BLACK/UTILITY BLACK,3782,$300,$297,06/29/2019,"Monday, October 14, 2019",13
adidas Yeezy Boost 700 Utility Black,UTILITY BLACK/UTILITY BLACK/UTILITY BLACK,3782,$300,$342,06/29/2019,"Monday, October 14, 2019",6
adidas Yeezy Boost 700 Utility Black,UTILITY BLACK/UTILITY BLACK/UTILITY BLACK,3782,$300,$339,06/29/2019,"Monday, October 14, 2019",9.5
adidas Yeezy Boost 700 Utility Black,UTILITY BLACK/UTILITY BLACK/UTILITY BLACK,3782,$300,$300,06/29/2019,"Monday, October 14, 2019",7.5
adidas Yeezy 700 Mauve,MAUVE/MAUVE/MAUVE,22379,$300,$320,10/27/2018,"Monday, October 14, 2019",8.5
adidas Yeezy 700 Mauve,MAUVE/MAUVE/MAUVE,22379,$300,$290,10/27/2018,"Monday, October 14, 2019",10
adidas Yeezy 700 Mauve,MAUVE/MAUVE/MAUVE,22379,$300,$325,10/27/2018,"Monday, October 14, 2019",9
adidas Yeezy 700 Mauve,MAUVE/MAUVE/MAUVE,22379,$300,$365,10/27/2018,"Monday, October 14, 2019",6.5
adidas Yeezy 700 Mauve,MAUVE/MAUVE/MAUVE,22379,$300,$290,10/27/2018,"Monday, October 14, 2019",10.5
adidas Yeezy 700 Mauve,MAUVE/MAUVE/MAUVE,22379,$300,$300,10/27/2018,"Monday, October 14, 2019",12
adidas Yeezy 700 Mauve,MAUVE/MAUVE/MAUVE,22379,$300,$340,10/27/2018,"Monday, October 14, 2019",11
adidas Yeezy 700 Mauve,MAUVE/MAUVE/MAUVE,22379,$300,$300,10/27/2018,"Monday, October 14, 2019",10
adidas Yeezy 700 Mauve,MAUVE/MAUVE/MAUVE,22379,$300,$333,10/27/2018,"Monday, October 14, 2019",9.5
adidas Yeezy 700 Mauve,MAUVE/MAUVE/MAUVE,22379,$300,$333,10/27/2018,"Monday, October 14, 2019",9.5
adidas Yeezy Boost 700 Salt,SALT/SALT/SALT,6987,$300,$294,02/23/2019,"Monday, October 14, 2019",6
adidas Yeezy Boost 700 Salt,SALT/SALT/SALT,6987,$300,$320,02/23/2019,"Monday, October 14, 2019",5.5
adidas Yeezy Boost 700 Salt,SALT/SALT/SALT,6987,$300,$293,02/23/2019,"Monday, October 14, 2019",7
adidas Yeezy Boost 700 Salt,SALT/SALT/SALT,6987,$300,$299,02/23/2019,"Monday, October 14, 2019",5
adidas Yeezy Boost 700 Salt,SALT/SALT/SALT,6987,$300,$270,02/23/2019,"Monday, October 14, 2019",11
adidas Yeezy Boost 700 Salt,SALT/SALT/SALT,6987,$300,$260,02/23/2019,"Monday, October 14, 2019",8.5
adidas Yeezy Boost 700 Salt,SALT/SALT/SALT,6987,$300,$338,02/23/2019,"Monday, October 14, 2019",4
adidas Yeezy Boost 700 Salt,SALT/SALT/SALT,6987,$300,$269,02/23/2019,"Sunday, October 13, 2019",11
adidas Yeezy Boost 700 Salt,SALT/SALT/SALT,6987,$300,$285,02/23/2019,"Sunday, October 13, 2019",7.5
adidas Yeezy Boost 700 Salt,SALT/SALT/SALT,6987,$300,$293,02/23/2019,"Sunday, October 13, 2019",6
adidas Yeezy Boost 700 V2 Tephra,TEPHRA/TEPHRA/TEPHRA,4240,$300,$289,06/15/2019,"Monday, October 14, 2019",12
adidas Yeezy Boost 700 V2 Tephra,TEPHRA/TEPHRA/TEPHRA,4240,$300,$271,06/15/2019,"Monday, October 14, 2019",9
adidas Yeezy Boost 700 V2 Tephra,TEPHRA/TEPHRA/TEPHRA,4240,$300,$275,06/15/2019,"Monday, October 14, 2019",9
adidas Yeezy Boost 700 V2 Tephra,TEPHRA/TEPHRA/TEPHRA,4240,$300,$293,06/15/2019,"Monday, October 14, 2019",7.5
adidas Yeezy Boost 700 V2 Tephra,TEPHRA/TEPHRA/TEPHRA,4240,$300,$300,06/15/2019,"Monday, October 14, 2019",7.5
adidas Yeezy Boost 700 V2 Tephra,TEPHRA/TEPHRA/TEPHRA,4240,$300,$286,06/15/2019,"Monday, October 14, 2019",9
adidas Yeezy Boost 700 V2 Tephra,TEPHRA/TEPHRA/TEPHRA,4240,$300,$300,06/15/2019,"Monday, October 14, 2019",7.5
adidas Yeezy Boost 700 V2 Tephra,TEPHRA/TEPHRA/TEPHRA,4240,$300,$290,06/15/2019,"Monday, October 14, 2019",12
adidas Yeezy Boost 700 V2 Tephra,TEPHRA/TEPHRA/TEPHRA,4240,$300,$286,06/15/2019,"Monday, October 14, 2019",12
adidas Yeezy Boost 700 V2 Tephra,TEPHRA/TEPHRA/TEPHRA,4240,$300,$499,06/15/2019,"Monday, October 14, 2019",6
adidas Yeezy 700 V2 Static,STATIC/STATIC/STATIC,7027,$300,$699,12/29/2018,"Monday, October 14, 2019",8
adidas Yeezy 700 V2 Static,STATIC/STATIC/STATIC,7027,$300,$609,12/29/2018,"Sunday, October 13, 2019",7.5
adidas Yeezy 700 V2 Static,STATIC/STATIC/STATIC,7027,$300,$598,12/29/2018,"Sunday, October 13, 2019",8.5
adidas Yeezy 700 V2 Static,STATIC/STATIC/STATIC,7027,$300,$600,12/29/2018,"Sunday, October 13, 2019",9
adidas Yeezy 700 V2 Static,STATIC/STATIC/STATIC,7027,$300,$570,12/29/2018,"Sunday, October 13, 2019",8.5
adidas Yeezy 700 V2 Static,STATIC/STATIC/STATIC,7027,$300,$568,12/29/2018,"Sunday, October 13, 2019",9.5
adidas Yeezy 700 V2 Static,STATIC/STATIC/STATIC,7027,$300,$675,12/29/2018,"Sunday, October 13, 2019",10
adidas Yeezy 700 V2 Static,STATIC/STATIC/STATIC,7027,$300,$598,12/29/2018,"Saturday, October 12, 2019",9
adidas Yeezy 700 V2 Static,STATIC/STATIC/STATIC,7027,$300,$592,12/29/2018,"Saturday, October 12, 2019",9
adidas Yeezy 700 V2 Static,STATIC/STATIC/STATIC,7027,$300,$569,12/29/2018,"Saturday, October 12, 2019",11
adidas Yeezy Boost 700 Teal Blue,TEAL BLUE/TEAL BLUE/TEAL BLUE,3,$300,$598,10/19/2019,"Monday, October 14, 2019",10
adidas Yeezy Boost 700 Teal Blue,TEAL BLUE/TEAL BLUE/TEAL BLUE,3,$300,$551,10/19/2019,"Wednesday, October 9, 2019",10
adidas Yeezy Boost 700 Teal Blue,TEAL BLUE/TEAL BLUE/TEAL BLUE,3,$300,$600,10/19/2019,"Wednesday, October 9, 2019",10
